datetime,Global_active_power,hour,day_of_week,is_weekend,rolling_mean,rolling_std,z_score,anomaly,anomaly_type
2006-12-19 08:00:00,3.87903333333333,8,1,0,1.5086777777777771,0.7844253438437669,3.0217732944993343,True,High Consumption
2006-12-22 19:00:00,3.93816666666667,19,4,0,1.1534416666666671,0.8165130251955617,3.4105089742236974,True,High Consumption
2006-12-22 21:00:00,4.54866666666667,21,4,0,1.2717638888888896,1.0568983934599525,3.1004898844156936,True,High Consumption
2006-12-25 16:00:00,3.87283333333333,16,0,0,1.236561111111111,0.8706861874249661,3.0278098588182867,True,High Consumption
2006-12-26 22:00:00,0.8636,22,1,0,2.947658333333333,0.5789227440678351,-3.5998902352489615,True,Low Consumption
2006-12-26 23:00:00,0.7682,23,1,0,2.8080222222222218,0.6586550801118622,-3.0969505645895725,True,Low Consumption
2006-12-28 21:00:00,5.03533333333333,21,3,0,1.1220763888888883,0.8746019812197685,4.474328927298789,True,High Consumption
2007-01-01 14:00:00,1.2944,14,0,0,2.594518055555555,0.23803899935803763,-5.461785921894379,True,Low Consumption
2007-01-01 16:00:00,1.3901,16,0,0,2.495934722222222,0.3600578636373142,-3.0712694649994594,True,Low Consumption
2007-01-01 19:00:00,0.7323,19,0,0,2.349490277777777,0.4807793929485487,-3.3636846784546837,True,Low Consumption
2007-01-01 20:00:00,0.4123,20,0,0,2.278574999999999,0.5824925783151819,-3.2039464011680048,True,Low Consumption
2007-01-02 17:00:00,2.1362,17,1,0,0.6636027777777782,0.4076683792392661,3.612242933754582,True,High Consumption
2007-01-02 20:00:00,2.57353333333333,20,1,0,0.7386152777777782,0.5404753651966648,3.395007753753722,True,High Consumption
2007-01-04 00:00:00,3.37506666666667,0,3,0,0.7042041666666664,0.4416504666772026,6.047457665095387,True,High Consumption
2007-01-04 01:00:00,2.89673333333333,1,3,0,0.797938888888889,0.6988024484765254,3.0034159854763947,True,High Consumption
2007-01-07 13:00:00,3.33193333333333,13,6,1,0.7809638888888882,0.49791654384006556,5.123287177346395,True,High Consumption
2007-01-07 15:00:00,3.77076666666667,15,6,1,0.8757569444444436,0.751496927361477,3.8523240971678647,True,High Consumption
2007-01-07 18:00:00,5.21153333333333,18,6,1,1.1060624999999995,1.0285924406759488,3.991348439849882,True,High Consumption
2007-01-20 13:00:00,4.25103333333333,13,5,1,1.4221833333333327,0.651560895007811,4.341650982547202,True,High Consumption
2007-01-20 18:00:00,4.31236666666667,18,5,1,1.8416374999999992,0.7832747389317154,3.1543582907274956,True,High Consumption
2007-01-20 19:00:00,5.34303333333333,19,5,1,1.9906999999999992,0.895817191334176,3.742206965620483,True,High Consumption
2007-01-21 19:00:00,5.33043333333333,19,6,1,2.0955097222222214,1.0482853631788376,3.0859188964553255,True,High Consumption
2007-01-21 20:00:00,6.07656666666667,20,6,1,2.0949847222222213,1.046590015885227,3.804337786536924,True,High Consumption
2007-01-28 12:00:00,4.19583333333333,12,6,1,1.8366805555555556,0.6542848189001118,3.6056969528096925,True,High Consumption
2007-02-02 23:00:00,3.4555,23,4,0,1.0716055555555555,0.7130267809855217,3.3433448897242055,True,High Consumption
2007-02-03 18:00:00,5.02113333333333,18,5,1,2.289475,0.83633639900143,3.2662195936884713,True,High Consumption
2007-02-03 19:00:00,5.81466666666667,19,5,1,2.403309722222222,1.0051714977321289,3.3938058850068495,True,High Consumption
2007-02-06 21:00:00,2.77906666666667,21,1,0,0.8775486111111109,0.5586343721407716,3.403868702651886,True,High Consumption
2007-02-09 22:00:00,3.83576666666667,22,4,0,1.0570652777777776,0.7172756459805556,3.8739658936701433,True,High Consumption
2007-02-10 19:00:00,4.71146666666667,19,5,1,1.6094236111111115,1.0184761266369387,3.0457690410463196,True,High Consumption
2007-02-13 21:00:00,3.5453,21,1,0,0.9231763888888885,0.6933949117358527,3.78157319405021,True,High Consumption
2007-02-15 19:00:00,4.1108,19,3,0,1.1576555555555557,0.8259666154408796,3.575379911533268,True,High Consumption
2007-02-17 22:00:00,3.84826666666667,22,5,1,1.278169444444444,0.8481536449837304,3.030225994338003,True,High Consumption
2007-02-22 21:00:00,6.36386666666667,21,3,0,2.120634722222222,1.127948431063261,3.7619024306320132,True,High Consumption
2007-02-25 14:00:00,1.2028,14,6,1,0.33503055555555555,0.14125483324353166,6.14329028266494,True,High Consumption
2007-02-27 09:00:00,1.11213333333333,9,1,0,0.35687222222222226,0.18997090386589202,3.9756673034744128,True,High Consumption
2007-02-27 20:00:00,1.2159,20,1,0,0.35932916666666653,0.21401615278615174,4.00236534570936,True,High Consumption
2007-02-28 07:00:00,1.2055,7,2,0,0.3643083333333332,0.24826930684200677,3.3882225610835697,True,High Consumption
2007-02-28 18:00:00,1.25003333333333,18,2,0,0.3617916666666667,0.26255918187241367,3.3830150609560086,True,High Consumption
2007-03-01 05:00:00,1.169,5,3,0,0.36156527777777764,0.2679120981158398,3.0138046318203364,True,High Consumption
2007-03-01 16:00:00,1.24373333333333,16,3,0,0.35964305555555537,0.2631082568619022,3.3601768653038038,True,High Consumption
2007-03-03 19:00:00,1.53856666666667,19,5,1,0.3708777777777778,0.19198090602186585,6.0823178361076025,True,High Consumption
2007-03-03 20:00:00,1.81356666666667,20,5,1,0.4242916666666668,0.3042936134928964,4.5655739667123685,True,High Consumption
2007-03-04 16:00:00,3.3447,16,6,1,0.6364430555555559,0.548970369876937,4.933339016186895,True,High Consumption
2007-03-04 17:00:00,4.08716666666667,17,6,1,0.7626458333333336,0.7740657324453378,4.294881809107993,True,High Consumption
2007-03-04 18:00:00,4.10613333333333,18,6,1,0.9213597222222227,1.0213826002221873,3.1181005143599516,True,High Consumption
2007-03-04 19:00:00,5.43213333333333,19,6,1,1.0769958333333336,1.2023982111975478,3.6220425641372396,True,High Consumption
2007-03-07 19:00:00,4.85256666666667,19,2,0,1.286301388888889,0.7761318631103756,4.594921877689504,True,High Consumption
2007-03-10 10:00:00,3.11226666666667,10,5,1,0.8042444444444445,0.574886813868665,4.014741974495003,True,High Consumption
2007-03-11 19:00:00,4.6315,19,6,1,2.4381750000000006,0.6845732221240194,3.2039304622444753,True,High Consumption
2007-03-14 19:00:00,3.70646666666667,19,2,0,1.121129166666667,0.796183783757314,3.2471617140949505,True,High Consumption
2007-03-17 20:00:00,4.12983333333333,20,5,1,1.2978250000000011,0.7225992860754236,3.919196140802344,True,High Consumption
2007-03-19 20:00:00,4.10206666666667,20,0,0,1.3779388888888888,0.8763856723123987,3.1083664005939284,True,High Consumption
2007-03-20 21:00:00,5.2927,21,1,0,1.3259763888888887,1.0543830246886585,3.7621277261006902,True,High Consumption
2007-03-24 19:00:00,5.01586666666667,19,5,1,1.5361541666666667,0.9539644982614547,3.6476331208777464,True,High Consumption
2007-03-27 20:00:00,2.87466666666667,20,1,0,0.699822222222222,0.5637659379725194,3.8577081337440786,True,High Consumption
2007-03-27 21:00:00,2.90333333333333,21,1,0,0.729361111111111,0.6550887302563345,3.3185920041267534,True,High Consumption
2007-03-31 10:00:00,5.16106666666667,10,5,1,1.4124736111111107,0.8861391212013978,4.23025342846092,True,High Consumption
2007-04-03 19:00:00,4.56563333333333,19,1,0,1.1618125,1.0688585526107408,3.1845381458747055,True,High Consumption
2007-04-05 21:00:00,4.75263333333333,21,3,0,1.2267083333333333,1.1677552315434507,3.0194041565882737,True,High Consumption
2007-04-07 21:00:00,3.29703333333333,21,5,1,0.9128263888888891,0.7699511200357856,3.096569226801863,True,High Consumption
2007-04-09 15:00:00,1.18196666666667,15,0,0,0.3702527777777777,0.19810355095292465,4.097422206640707,True,High Consumption
2007-04-09 17:00:00,1.43626666666667,17,0,0,0.4244277777777777,0.2867464271693039,3.528688740353412,True,High Consumption
2007-04-09 19:00:00,2.41473333333333,19,0,0,0.49953333333333344,0.3655518172723374,5.239202513861847,True,High Consumption
2007-04-10 23:00:00,1.8182,23,1,0,0.4768805555555556,0.2997033236621972,4.475490722139197,True,High Consumption
2007-04-12 21:00:00,1.01553333333333,21,3,0,0.36150416666666674,0.18414421000536482,3.5517226778273887,True,High Consumption
2007-04-13 22:00:00,1.06216666666667,22,4,0,0.35990972222222223,0.14931729225411425,4.703118666586307,True,High Consumption
2007-04-14 10:00:00,0.944466666666667,10,5,1,0.3625708333333335,0.18391335082016508,3.163967328844578,True,High Consumption
2007-04-14 23:00:00,1.15523333333333,23,5,1,0.3503166666666668,0.14983966729046547,5.371853002758778,True,High Consumption
2007-04-15 15:00:00,1.68906666666667,15,6,1,0.3977902777777776,0.22170964811125654,5.824177702185133,True,High Consumption
2007-04-15 22:00:00,1.78783333333333,22,6,1,0.4650194444444444,0.35606516622753437,3.7150892992536515,True,High Consumption
2007-04-16 21:00:00,2.90346666666667,21,0,0,0.5453624999999999,0.4582738004353466,5.145622910204644,True,High Consumption
2007-04-20 21:00:00,2.88426666666667,21,4,0,0.4490291666666664,0.377537655838571,6.450316842146394,True,High Consumption
2007-04-25 22:00:00,2.80053333333333,22,2,0,0.8014624999999999,0.6646674995497569,3.007625368605344,True,High Consumption
2007-04-27 21:00:00,3.10333333333333,21,4,0,0.6271305555555556,0.453976781090975,5.454470098288031,True,High Consumption
2007-05-01 21:00:00,3.45216666666667,21,1,0,1.0256347222222217,0.7466565965598834,3.249863398548084,True,High Consumption
2007-05-04 20:00:00,3.15606666666667,20,4,0,0.635165277777778,0.6080892122032618,4.145611101626068,True,High Consumption
2007-05-05 14:00:00,3.23503333333333,14,5,1,0.8010500000000005,0.772083053215649,3.152489001275227,True,High Consumption
2007-05-08 12:00:00,4.71913333333333,12,1,0,0.9235875000000004,0.608947455814731,6.232961148109475,True,High Consumption
2007-05-11 21:00:00,2.17513333333333,21,4,0,0.6047291666666667,0.4632054388507498,3.390297338828671,True,High Consumption
2007-05-12 14:00:00,2.61086666666667,14,5,1,0.7201180555555556,0.5180540219512055,3.6497132171463003,True,High Consumption
2007-05-14 18:00:00,2.8374,18,0,0,0.7684097222222223,0.5914443684848781,3.498199303305527,True,High Consumption
2007-05-14 21:00:00,3.56123333333333,21,0,0,0.8556138888888883,0.7486693707874185,3.6139042814036677,True,High Consumption
2007-05-16 08:00:00,2.18136666666667,8,2,0,0.6691736111111108,0.43380055892716346,3.4859177205658267,True,High Consumption
2007-05-16 12:00:00,2.8142,12,2,0,0.7718847222222222,0.5936939793845005,3.440013455913945,True,High Consumption
2007-05-18 20:00:00,3.98566666666667,20,4,0,1.0036569444444448,0.6183417923152098,4.822591258237479,True,High Consumption
2007-05-20 18:00:00,2.4479,18,6,1,0.8663777777777772,0.5044812445982149,3.1349475112435514,True,High Consumption
2007-05-20 19:00:00,3.15956666666667,19,6,1,0.9026277777777773,0.582981156685115,3.871375366095977,True,High Consumption
2007-05-20 21:00:00,4.09726666666667,21,6,1,1.0843027777777774,0.8233057367854472,3.6595929729007444,True,High Consumption
2007-05-22 20:00:00,2.8976,20,1,0,0.7449069444444444,0.5410214839402769,3.9789419079579296,True,High Consumption
2007-05-25 20:00:00,3.57326666666667,20,4,0,0.993248611111111,0.8402556455347711,3.0705155856626662,True,High Consumption
2007-05-25 21:00:00,4.47473333333333,21,4,0,1.0763791666666667,0.986588900177219,3.44454936200501,True,High Consumption
2007-05-27 14:00:00,3.85683333333333,14,6,1,1.0322625,0.648228459258391,4.357369370306256,True,High Consumption
2007-05-27 15:00:00,3.74743333333333,15,6,1,1.1249791666666666,0.8616779632490486,3.0434272181899837,True,High Consumption
2007-05-29 21:00:00,2.48023333333333,21,1,0,0.7199208333333331,0.49359671786313736,3.5662970119021127,True,High Consumption
2007-06-02 09:00:00,2.4007,9,5,1,0.6275281779661015,0.3918987210930707,4.524566492812805,True,High Consumption
2007-06-02 17:00:00,2.6615,17,5,1,0.8216379001883239,0.5762291967469074,3.192934530562818,True,High Consumption
2007-06-02 19:00:00,3.1521,19,5,1,0.9868712335216573,0.6982853987257799,3.1007790946644707,True,High Consumption
2007-06-08 09:00:00,1.955,9,4,0,0.6601374999999998,0.42616299985527634,3.038420746145798,True,High Consumption
2007-06-08 10:00:00,3.12126666666667,10,4,0,0.6894874999999998,0.4883197253693308,4.979891330065446,True,High Consumption
2007-06-12 18:00:00,2.0773,18,1,0,0.4571875000000001,0.3048149172831011,5.31506959843208,True,High Consumption
2007-06-14 19:00:00,3.23296666666667,19,3,0,0.6258611111111111,0.5692226674906575,4.580115488107031,True,High Consumption
2007-06-16 10:00:00,2.19513333333333,10,5,1,0.5722111111111109,0.478731755159129,3.390045061211293,True,High Consumption
2007-06-20 21:00:00,3.2391,21,2,0,0.6671083333333336,0.5860124558246524,4.388970987054005,True,High Consumption
2007-06-21 22:00:00,2.16686666666667,22,3,0,0.5065708333333334,0.4950516579996084,3.353782997197133,True,High Consumption
2007-06-23 17:00:00,1.21666666666667,17,5,1,0.28254583333333344,0.1842773662481362,5.069102366459419,True,High Consumption
2007-06-24 15:00:00,1.21073333333333,15,6,1,0.3484597222222223,0.27565666315185117,3.128070989657546,True,High Consumption
2007-06-25 07:00:00,1.55713333333333,7,0,0,0.47966805555555525,0.34606887846977313,3.113441701380508,True,High Consumption
2007-06-25 21:00:00,3.56833333333333,21,0,0,0.5174652777777778,0.40677462293353367,7.500143528014674,True,High Consumption
2007-06-26 22:00:00,3.5618,22,1,0,0.6178263888888887,0.6052477592245119,4.864080149397244,True,High Consumption
2007-06-27 21:00:00,4.59796666666667,21,2,0,0.9853333333333328,1.0433729509077698,3.462456382629264,True,High Consumption
2007-06-29 21:00:00,3.11996666666667,21,4,0,0.8127056026365344,0.6566553026123487,3.513656335144543,True,High Consumption
2007-07-02 20:00:00,2.0822,20,0,0,0.4198944444444443,0.3235082220380873,5.138371893867503,True,High Consumption
2007-07-02 21:00:00,2.6667,21,0,0,0.48135694444444416,0.46833073643914913,4.666238804165057,True,High Consumption
2007-07-02 22:00:00,3.10566666666667,22,0,0,0.5548152777777776,0.6431078813473862,3.9664439868853116,True,High Consumption
2007-07-03 22:00:00,3.94863333333333,22,1,0,0.6975430555555557,0.7113152561086146,4.570533599354359,True,High Consumption
2007-07-05 20:00:00,2.0064,20,3,0,0.5507361111111114,0.48413569832029646,3.0067270270283695,True,High Consumption
2007-07-05 22:00:00,2.70363333333333,22,3,0,0.6443305555555557,0.6000124746623188,3.4320999391499813,True,High Consumption
2007-07-06 21:00:00,4.27223333333333,21,4,0,0.7100430555555555,0.7318277869859455,4.8675253128181435,True,High Consumption
2007-07-09 22:00:00,2.6201,22,0,0,0.7420805555555557,0.5332706230266673,3.521700546310667,True,High Consumption
2007-07-10 22:00:00,3.25283333333333,22,1,0,0.6680638888888891,0.683281047198402,3.7828788827709285,True,High Consumption
2007-07-12 19:00:00,2.15243333333333,19,3,0,0.40679583333333347,0.3007473300827957,5.804332492392943,True,High Consumption
2007-07-12 20:00:00,2.0498,20,3,0,0.4703347222222222,0.4654111498490139,3.393698836588206,True,High Consumption
2007-07-12 21:00:00,2.85886666666667,21,3,0,0.5462388888888888,0.5625922790365673,4.110663910528828,True,High Consumption
2007-07-14 10:00:00,1.79136666666667,10,5,1,0.46710694444444445,0.31374621763474714,4.220799001834931,True,High Consumption
2007-07-14 11:00:00,1.81193333333333,11,5,1,0.509288888888889,0.41060542723642135,3.1724968985721542,True,High Consumption
2007-07-14 19:00:00,3.7519,19,5,1,0.7526736111111109,0.504305451682824,5.947241654597879,True,High Consumption
2007-07-15 21:00:00,1.81923333333333,21,6,1,0.6187052524856095,0.39980881765872844,3.002755386632006,True,High Consumption
2007-07-17 08:00:00,2.01486666666667,8,1,0,0.560201388888889,0.3654791881277321,3.980158994085832,True,High Consumption
2007-07-18 07:00:00,1.9317,7,2,0,0.5026861111111113,0.45816898501811104,3.1189668781975732,True,High Consumption
2007-07-19 20:00:00,1.505,20,3,0,0.3816208333333335,0.26619378267264804,4.220155540026803,True,High Consumption
2007-07-20 18:00:00,2.81283333333333,18,4,0,0.5899763888888886,0.3659775690018131,6.073751870933459,True,High Consumption
2007-07-22 10:00:00,2.56543333333333,10,6,1,0.6648402777777781,0.4933979626662456,3.8520488517728038,True,High Consumption
2007-07-22 11:00:00,3.03323333333333,11,6,1,0.7544444444444446,0.6240214029732927,3.6517800159274576,True,High Consumption
2007-07-26 08:00:00,1.66766666666667,8,3,0,0.31815000000000004,0.21751161377177472,6.2043430383568285,True,High Consumption
2007-07-26 09:00:00,1.5946,9,3,0,0.348438888888889,0.32967224650055027,3.780000058661386,True,High Consumption
2007-07-26 19:00:00,2.47306666666667,19,3,0,0.41102361111111135,0.43006814104280516,4.794689163804676,True,High Consumption
2007-07-30 06:00:00,0.925066666666667,6,0,0,0.22162500000000007,0.15139593745944732,4.646370823887462,True,High Consumption
2007-07-30 18:00:00,1.19143333333333,18,0,0,0.23946944444444448,0.18127988367116293,5.251348741020397,True,High Consumption
2007-07-31 12:00:00,2.0913,12,1,0,0.3217708333333332,0.2965941032103912,5.966164355639392,True,High Consumption
2007-07-31 20:00:00,1.92106666666667,20,1,0,0.46544999999999986,0.4649912387102491,3.1304174046464377,True,High Consumption
2007-08-11 11:00:00,2.6036,11,5,1,0.654061111111111,0.5998714075296925,3.2499280085997277,True,High Consumption
2007-08-12 22:00:00,2.76583333333333,22,6,1,0.5992874999999999,0.5711263661124708,3.793461415694257,True,High Consumption
2007-08-12 23:00:00,4.6344,23,6,1,0.7076944444444441,0.7139819934174186,5.499726312089034,True,High Consumption
2007-08-15 10:00:00,2.82706666666667,10,2,0,0.7322930555555551,0.6957519009178722,3.010805444221684,True,High Consumption
2007-08-17 00:00:00,2.735,0,4,0,0.6656222222222222,0.6719808387872815,3.0795190254418072,True,High Consumption
2007-08-17 07:00:00,3.14446666666667,7,4,0,0.8061791666666664,0.7681549487544096,3.0440310301868383,True,High Consumption
2007-08-19 07:00:00,0.924466666666667,7,6,1,0.24197222222222223,0.20093170509582733,3.396648847024679,True,High Consumption
2007-08-19 15:00:00,2.3622,15,6,1,0.26343750000000005,0.20435968629562296,10.26994383307072,True,High Consumption
2007-08-19 16:00:00,3.69613333333333,16,6,1,0.3548194444444445,0.473471101089415,7.0570598315310455,True,High Consumption
2007-08-21 21:00:00,1.7089,21,1,0,0.41538055555555586,0.36936292207597765,3.5020284038644474,True,High Consumption
2007-08-22 18:00:00,2.36773333333333,18,2,0,0.5289013888888888,0.5103128896670177,3.6033421488614374,True,High Consumption
2007-08-22 19:00:00,3.23913333333333,19,2,0,0.6007569444444444,0.6336218900599947,4.163960289691175,True,High Consumption
2007-08-24 14:00:00,2.5673,14,4,0,0.7703624999999997,0.4902293650612475,3.665503594986599,True,High Consumption
2007-08-24 19:00:00,2.8103,19,4,0,0.8745685263653485,0.6046745538368399,3.201278210488368,True,High Consumption
2007-08-26 14:00:00,3.7632,14,6,1,0.8838097222222222,0.7514197208337612,3.8319333362489614,True,High Consumption
2007-08-27 21:00:00,2.79333333333333,21,0,0,0.6581680555555561,0.6086275712065355,3.5081639064511148,True,High Consumption
2007-08-27 23:00:00,2.99443333333333,23,0,0,0.7272416666666667,0.7079528002396384,3.2024616131177543,True,High Consumption
2007-08-30 19:00:00,2.8546,19,3,0,0.5565972222222224,0.49886688096072307,4.606444856295651,True,High Consumption
2007-08-30 22:00:00,3.06203333333333,22,3,0,0.6929916666666669,0.7184968152010849,3.2972194400105197,True,High Consumption
2007-09-04 12:00:00,2.51926666666667,12,1,0,0.6251152777777779,0.49328591467948,3.8398651421450896,True,High Consumption
2007-09-04 21:00:00,3.2361,21,1,0,1.0177541666666672,0.713500148909556,3.1091035323869742,True,High Consumption
2007-09-10 20:00:00,3.32486666666667,20,0,0,0.7174583333333339,0.7272255198623931,3.585419188571262,True,High Consumption
2007-09-10 21:00:00,3.53953333333333,21,0,0,0.7672166666666671,0.8573393886007888,3.233628016544523,True,High Consumption
2007-09-11 22:00:00,3.3426,22,1,0,0.5714763888888892,0.5794381933818954,4.782431746408408,True,High Consumption
2007-09-12 21:00:00,3.3821,21,2,0,0.8739611111111111,0.8234832452071339,3.045767966120558,True,High Consumption
2007-09-16 11:00:00,2.17336666666667,11,6,1,0.5475194444444447,0.44885905698272666,3.6221776010298763,True,High Consumption
2007-09-16 20:00:00,3.81396666666667,20,6,1,0.9008375000000005,0.6697216686505983,4.349760957467964,True,High Consumption
2007-09-17 21:00:00,5.73576666666667,21,0,0,0.8836611111111115,0.9612491213525894,5.047708702951095,True,High Consumption
2007-09-21 19:00:00,3.53376666666667,19,4,0,0.7985902777777777,0.8143548436342967,3.358703408310765,True,High Consumption
2007-09-23 20:00:00,3.28526666666667,20,6,1,0.8640875000000005,0.7132115952474465,3.3947557538329827,True,High Consumption
2007-09-26 21:00:00,4.82186666666667,21,2,0,1.2477222701149424,0.8567605897107818,4.171695616576223,True,High Consumption
2007-09-29 12:00:00,3.00173333333333,12,5,1,0.8679166666666668,0.6046490432533925,3.5290168577550145,True,High Consumption
2007-10-04 19:00:00,3.18706666666667,19,3,0,0.8946791666666667,0.6893216176374194,3.3255703017945835,True,High Consumption
2007-10-07 20:00:00,4.0393,20,6,1,1.3117583333333334,0.9001408000034856,3.0301278051790392,True,High Consumption
2007-10-09 21:00:00,3.96733333333333,21,1,0,1.1602513888888895,0.8807738589044217,3.1870631900180566,True,High Consumption
2007-10-11 20:00:00,4.31836666666667,20,3,0,0.9868013888888888,0.9278332861077887,3.590693853799447,True,High Consumption
2007-10-13 19:00:00,4.73276666666667,19,5,1,0.9765180555555558,0.7793807523900315,4.819529606796533,True,High Consumption
2007-10-13 20:00:00,5.0948,20,5,1,1.0675347222222225,1.0511043670735443,3.8314608938314834,True,High Consumption
2007-10-16 13:00:00,3.60346666666667,13,1,0,0.8645083333333337,0.7445586265253591,3.6786335363747873,True,High Consumption
2007-10-18 21:00:00,3.40176666666667,21,3,0,0.9418291666666668,0.7783921025084847,3.160280650423466,True,High Consumption
2007-10-19 11:00:00,4.32846666666667,11,4,0,1.2355402777777782,1.0059376641004911,3.07467003102482,True,High Consumption
2007-10-23 16:00:00,2.88876666666667,16,1,0,0.9196861111111106,0.6078574545204631,3.2393788065146967,True,High Consumption
2007-10-23 17:00:00,4.50836666666667,17,1,0,0.9841513888888885,0.7252530032629598,4.859290843225896,True,High Consumption
2007-10-24 19:00:00,3.7766,19,2,0,1.120932279693487,0.8197805620235921,3.2394860811911848,True,High Consumption
2007-10-25 21:00:00,4.80096666666667,21,3,0,1.2354069444444449,1.0675766988920778,3.3398628182148724,True,High Consumption
2007-10-27 08:00:00,2.86683333333333,8,5,1,0.8658138888888884,0.5489399050129399,3.645243179027534,True,High Consumption
2007-10-27 09:00:00,3.19163333333333,9,5,1,0.8904763888888884,0.623265206962929,3.692099155763257,True,High Consumption
2007-10-27 10:00:00,4.33676666666667,10,5,1,0.959641666666666,0.771896455488146,4.3751010592014135,True,High Consumption
2007-10-29 00:00:00,1.067,0,0,0,0.3556652777777778,0.18909763587021944,3.7617324983926395,True,High Consumption
2007-10-29 11:00:00,1.2306,11,0,0,0.349875,0.21032989162070603,4.187350610098905,True,High Consumption
2007-10-29 22:00:00,1.1052,22,0,0,0.34783749999999997,0.25143817870671886,3.0121221204175144,True,High Consumption
2007-10-30 13:00:00,3.35703333333333,13,1,0,0.3737347222222221,0.2581551128072373,11.556225165056937,True,High Consumption
2007-10-31 12:00:00,2.74963333333333,12,2,0,0.5947777777777777,0.6944746213346722,3.1028571662046556,True,High Consumption
2007-10-31 13:00:00,3.67363333333333,13,2,0,0.6697305555555554,0.8202499437570788,3.6621798034129407,True,High Consumption
2007-11-02 05:00:00,1.19513333333333,5,4,0,0.34383611111111123,0.2502673723702467,3.401550965911792,True,High Consumption
2007-11-02 11:00:00,2.2435,11,4,0,0.3437722222222221,0.2687005314843407,7.070055899344174,True,High Consumption
2007-11-02 12:00:00,2.65643333333333,12,4,0,0.4254583333333332,0.4711564384498556,4.735104559623747,True,High Consumption
2007-11-02 17:00:00,3.0781,17,4,0,0.7514569444444442,0.7729789231291168,3.0099695941734215,True,High Consumption
2007-11-04 07:00:00,0.9623,7,6,1,0.3543930555555555,0.1925305509301454,3.1574570451678987,True,High Consumption
2007-11-04 15:00:00,1.11096666666667,15,6,1,0.37204305555555556,0.21973736903550092,3.362758070484285,True,High Consumption
2007-11-04 17:00:00,2.50396666666667,17,6,1,0.4291944444444445,0.2743680282825223,7.562004345804426,True,High Consumption
2007-11-04 18:00:00,4.84356666666667,18,6,1,0.5218333333333336,0.5025167954988706,8.600176893675686,True,High Consumption
2007-11-06 11:00:00,3.21403333333333,11,1,0,1.237070833333334,0.5907076450855839,3.346769787808597,True,High Consumption
2007-11-07 19:00:00,4.48336666666667,19,2,0,1.0815069444444447,0.8310803126563279,4.093298409812022,True,High Consumption
2007-11-12 20:00:00,4.75983333333333,20,0,0,1.3492916666666674,0.9294640794565414,3.6693636064567547,True,High Consumption
2007-11-17 18:00:00,4.91236666666667,18,5,1,1.3923319444444446,0.9343148075781623,3.7675039437151896,True,High Consumption
2007-11-22 19:00:00,4.58306666666667,19,3,0,1.225009628060263,0.8895153276794283,3.7751536529077265,True,High Consumption
2007-11-25 19:00:00,3.1197,19,6,1,0.7562652777777776,0.5940139086905233,3.978753169992782,True,High Consumption
2007-11-25 20:00:00,3.75123333333333,20,6,1,0.8552263888888887,0.765172819163352,3.7847749840499634,True,High Consumption
2007-11-30 13:00:00,4.56323333333333,13,4,0,1.2882680555555555,0.8520913200067434,3.8434440075646554,True,High Consumption
2007-12-04 12:00:00,4.05403333333333,12,1,0,1.1039069444444438,0.8938770433325929,3.300371578947918,True,High Consumption
2007-12-04 21:00:00,5.06606666666667,21,1,0,1.3426527777777768,1.0077139033507663,3.6949116971673286,True,High Consumption
2007-12-06 20:00:00,4.73903333333333,20,3,0,1.478798611111112,0.9198043636498413,3.5444871225500627,True,High Consumption
2007-12-08 18:00:00,3.89536666666667,18,5,1,1.0686902777777776,0.7175762332865383,3.939200126434735,True,High Consumption
2007-12-08 20:00:00,5.21293333333333,20,5,1,1.261944444444444,1.0217310236564667,3.866955977072606,True,High Consumption
2007-12-13 20:00:00,4.14263333333333,20,3,0,1.1443416666666664,0.7707460955413705,3.8901159331344637,True,High Consumption
2007-12-14 12:00:00,4.4303,12,4,0,1.2855624999999993,0.9877998412669436,3.1835776527019757,True,High Consumption
2007-12-15 17:00:00,4.33306666666667,17,5,1,1.3539513888888892,0.9195856394107851,3.2396278824956615,True,High Consumption
2007-12-22 14:00:00,4.2451,14,5,1,1.3508388888888894,0.8478339604597427,3.4137121725363317,True,High Consumption
2007-12-22 20:00:00,4.9255,20,5,1,1.451366666666667,1.0168807065257666,3.416461056875508,True,High Consumption
2007-12-23 19:00:00,6.488,19,6,1,1.748633333333334,1.2559366207969769,3.7735715227884805,True,High Consumption
2007-12-27 19:00:00,5.1752,19,3,0,1.210602777777777,0.8805927790437652,4.502191383544361,True,High Consumption
2007-12-29 19:00:00,5.2267,19,5,1,2.3734791666666673,0.8676436186960615,3.2884709480388925,True,High Consumption
2008-01-08 13:00:00,4.36503333333333,13,1,0,1.099715277777778,1.0251081625965826,3.1853400203979976,True,High Consumption
2008-01-11 22:00:00,3.05746666666667,22,4,0,1.0319291666666668,0.6068220591967458,3.3379430910623453,True,High Consumption
2008-01-12 18:00:00,5.1968,18,5,1,1.4480166666666674,0.8447552476343638,4.437715354632424,True,High Consumption
2008-01-14 20:00:00,5.13686666666667,20,0,0,1.1706361111111108,0.8879453600348401,4.466750696686941,True,High Consumption
2008-01-14 21:00:00,4.7452,21,0,0,1.2631,1.1535903604443565,3.0184891616628233,True,High Consumption
2008-01-24 20:00:00,3.5317,20,3,0,0.9977902777777778,0.8353011841020183,3.0335282296364454,True,High Consumption
2008-01-26 18:00:00,3.7629,18,5,1,1.4534555555555562,0.7028268536759109,3.2859365466268597,True,High Consumption
2008-01-26 19:00:00,6.0138,19,5,1,1.5492319444444451,0.8463340497213772,5.275184257357177,True,High Consumption
2008-01-29 12:00:00,3.9499,12,1,0,1.5215416666666666,0.6733938453401703,3.6061486901571382,True,High Consumption
2008-01-29 13:00:00,4.46046666666667,13,1,0,1.6065333333333331,0.8341135322230857,3.4215166438158744,True,High Consumption
2008-01-31 20:00:00,3.80693333333333,20,3,0,0.916930555555556,0.6312124061923037,4.578494892410769,True,High Consumption
2008-01-31 21:00:00,3.93023333333333,21,3,0,1.056502777777778,0.8555980234158472,3.358739123873396,True,High Consumption
2008-02-02 08:00:00,2.51703333333333,8,5,1,0.842379166666667,0.5177744993293876,3.234331101349421,True,High Consumption
2008-02-02 16:00:00,3.26538983050847,16,5,1,1.1137305555555554,0.6994110179781557,3.0763874455007736,True,High Consumption
2008-02-02 19:00:00,6.49603333333333,19,5,1,1.3332287429378529,0.8867218393579573,5.822349649280855,True,High Consumption
2008-02-09 20:00:00,3.92086666666667,20,5,1,1.3118652777777773,0.8332371559269943,3.131163043235059,True,High Consumption
2008-02-13 19:00:00,3.0848,19,2,0,1.0744500000000001,0.6665535658409325,3.0160366743574714,True,High Consumption
2008-02-15 21:00:00,3.86523333333333,21,4,0,1.2513513888888887,0.7801675266632275,3.350411104168871,True,High Consumption
2008-02-20 19:00:00,4.7124,19,2,0,1.2468402777777776,0.9528381765665251,3.6370915937794233,True,High Consumption
2008-02-23 19:00:00,3.94886666666667,19,5,1,1.0655053160919536,0.9068243193927582,3.1796250816315976,True,High Consumption
2008-02-25 16:00:00,1.09046666666667,16,0,0,0.3464319444444444,0.19689290217152963,3.7788803660074843,True,High Consumption
2008-02-27 22:00:00,1.23496666666667,22,2,0,0.3509569444444443,0.1948913262097821,4.535911060868213,True,High Consumption
2008-02-29 06:00:00,0.950466666666667,6,4,0,0.35407361111111113,0.19384674283602546,3.0766214940224375,True,High Consumption
2008-02-29 10:00:00,2.12136666666667,10,4,0,0.37610138888888883,0.2206391605693218,7.910043136832197,True,High Consumption
2008-02-29 11:00:00,2.8479,11,4,0,0.45417361111111115,0.4171767441305918,5.737919053655503,True,High Consumption
2008-02-29 12:00:00,2.71083333333333,12,4,0,0.5623555555555556,0.6396609486619912,3.358775898813029,True,High Consumption
2008-03-01 20:00:00,2.3046,20,5,1,0.6706430555555555,0.2523678490894321,6.474505173063531,True,High Consumption
2008-03-02 11:00:00,2.9585,11,6,1,0.6924513888888889,0.5007631432142868,4.5251904853976495,True,High Consumption
2008-03-03 17:00:00,1.65656666666667,17,0,0,0.6893333333333332,0.2950189758901383,3.278546169496309,True,High Consumption
2008-03-04 16:00:00,3.4114,16,1,0,0.8610652777777782,0.4174724853069055,6.108988764486694,True,High Consumption
2008-03-04 17:00:00,3.4702,17,1,0,0.9716527777777784,0.6662172588082474,3.750348987793726,True,High Consumption
2008-03-05 18:00:00,3.40166666666667,18,2,0,0.9046694444444442,0.8054641461397178,3.1000724665267603,True,High Consumption
2008-03-05 21:00:00,4.64876666666667,21,2,0,1.0626583333333335,1.017355929633471,3.524929898059694,True,High Consumption
2008-03-07 11:00:00,4.50973333333333,11,4,0,1.2230958333333335,0.7414383647518099,4.4327858608991315,True,High Consumption
2008-03-08 19:00:00,4.41963333333333,19,5,1,1.3640527777777784,0.9937336082404223,3.0748487625028473,True,High Consumption
2008-03-11 12:00:00,3.68763333333333,12,1,0,0.9937805555555556,0.7431289994657829,3.6250136648069433,True,High Consumption
2008-03-13 20:00:00,4.6837,20,3,0,1.0697555555555558,0.9065980133676579,3.9862699798117256,True,High Consumption
2008-03-13 21:00:00,5.01416666666667,21,3,0,1.1474583333333337,1.1182395925311988,3.4578531820545026,True,High Consumption
2008-03-16 18:00:00,3.04603333333333,18,6,1,0.9442263888888885,0.5825017588229242,3.6082413702777734,True,High Consumption
2008-03-18 16:00:00,3.7211,16,1,0,1.0494291666666669,0.6698888662111553,3.988229940951425,True,High Consumption
2008-03-21 16:00:00,3.63283333333333,16,4,0,1.0969958333333336,0.781683656087576,3.2440712815874635,True,High Consumption
2008-03-28 11:00:00,3.4577,11,4,0,1.0408333333333328,0.7268530739503718,3.325110332864447,True,High Consumption
2008-03-28 19:00:00,3.82596666666667,19,4,0,1.1661263888888882,0.8819579532507925,3.0158356959919983,True,High Consumption
2008-04-01 14:00:00,3.89376666666667,14,1,0,1.1570319444444448,0.901426820492542,3.036003211804666,True,High Consumption
2008-04-02 21:00:00,3.40636666666667,21,2,0,1.055947222222222,0.760728731918823,3.0896945860265737,True,High Consumption
2008-04-05 20:00:00,3.84123333333333,20,5,1,1.3399569444444446,0.7792445596330997,3.2098734061955967,True,High Consumption
2008-04-12 14:00:00,3.50823333333333,14,5,1,1.1933013888888886,0.6703221277307766,3.4534619232713055,True,High Consumption
2008-04-12 18:00:00,5.65643333333333,18,5,1,1.502972222222222,0.9514397161132878,4.365448531072835,True,High Consumption
2008-04-15 12:00:00,4.46356666666667,12,1,0,1.0759069444444445,0.7810689418239878,4.3372096121389845,True,High Consumption
2008-04-17 20:00:00,3.03693333333333,20,3,0,0.8394111111111112,0.5932899162315985,3.7039601754572673,True,High Consumption
2008-04-17 21:00:00,3.8928,21,3,0,0.8759583333333333,0.6962463825698114,4.333008748327929,True,High Consumption
2008-04-19 15:00:00,3.53363333333333,15,5,1,1.05305,0.7208434661598262,3.441223302679326,True,High Consumption
2008-04-20 21:00:00,5.6713,21,6,1,1.1959819444444446,0.8393179901545169,5.332088800731719,True,High Consumption
2008-04-22 13:00:00,2.67953333333333,13,1,0,0.7549486111111104,0.6199292442078204,3.1045232019688953,True,High Consumption
2008-04-22 15:00:00,3.49406666666667,15,1,0,0.9586722222222216,0.8404882499626529,3.016573336459027,True,High Consumption
2008-04-23 20:00:00,2.07743333333333,20,2,0,0.713713888888889,0.4503253644921617,3.028298097270907,True,High Consumption
2008-04-23 21:00:00,2.693,21,2,0,0.7625944444444445,0.5287516770719939,3.650873631730751,True,High Consumption
2008-04-25 13:00:00,3.09776666666667,13,4,0,0.7442569444444449,0.457810392420947,5.140795755589188,True,High Consumption
2008-04-26 21:00:00,1.8937,21,5,1,0.5441291666666666,0.20424916140240265,6.6074730690055015,True,High Consumption
2008-04-29 10:00:00,2.2723,10,1,0,0.45291805555555537,0.20099040426521436,9.052083611134499,True,High Consumption
2008-04-29 11:00:00,2.57716666666667,11,1,0,0.524498611111111,0.42251948741374523,4.858161852178708,True,High Consumption
2008-04-29 12:00:00,4.58916666666667,12,1,0,0.6032375,0.5950566438602152,6.6984029298612535,True,High Consumption
2008-04-29 13:00:00,3.8032,13,1,0,0.7753375,1.006501540555856,3.00830389025318,True,High Consumption
2008-05-01 14:00:00,1.08333333333333,14,3,0,0.39150694444444456,0.17027032726176786,4.063106003345461,True,High Consumption
2008-05-02 09:00:00,1.52886666666667,9,4,0,0.40804861111111085,0.19820920143685206,5.654722623523829,True,High Consumption
2008-05-02 10:00:00,2.78996666666667,10,4,0,0.4569555555555554,0.3021389422946015,7.721649825715962,True,High Consumption
2008-05-04 18:00:00,3.37043333333333,18,6,1,0.7220486111111112,0.47941416755866423,5.524210383077896,True,High Consumption
2008-05-04 19:00:00,3.19326666666667,19,6,1,0.8471972222222223,0.7162149282654019,3.2756500204853083,True,High Consumption
2008-05-06 15:00:00,3.81056666666667,15,1,0,0.8439027777777778,0.5664072849599677,5.2376866747018775,True,High Consumption
2008-05-08 12:00:00,2.35783333333333,12,3,0,0.9612180555555555,0.41891665860633126,3.33387381257191,True,High Consumption
2008-05-08 19:00:00,2.912,19,3,0,1.2389749999999995,0.503353960442103,3.323754517657035,True,High Consumption
2008-05-10 16:00:00,3.93033333333333,16,5,1,1.0586277777777786,0.61672233964646,4.656399437714183,True,High Consumption
2008-05-13 15:00:00,3.32756666666667,15,1,0,0.8883611111111112,0.6428062714196976,3.7946200340708343,True,High Consumption
2008-05-15 21:00:00,2.6833,21,3,0,0.7654874999999998,0.527935291545455,3.6326658412736124,True,High Consumption
2008-05-16 14:00:00,3.36906666666667,14,4,0,0.8627833333333337,0.6569396788461761,3.81508898615361,True,High Consumption
2008-05-18 20:00:00,4.2307,20,6,1,1.1728750000000001,0.8984543292584677,3.403428421925187,True,High Consumption
2008-05-20 12:00:00,3.87646666666667,12,1,0,0.7521722222222221,0.6641305680126224,4.704337663290734,True,High Consumption
2008-05-23 10:00:00,2.70866666666667,10,4,0,0.7562666666666672,0.5939532731828714,3.2871272676678744,True,High Consumption
2008-05-27 16:00:00,3.0297,16,1,0,0.9322305555555558,0.6778373831971692,3.0943549241136092,True,High Consumption
2008-05-27 17:00:00,3.50436666666667,17,1,0,1.0390236111111113,0.7933576168783275,3.1074801616654213,True,High Consumption
2008-05-30 11:00:00,3.414,11,4,0,0.7825833333333332,0.6180864457308081,4.257360252505382,True,High Consumption
2008-05-31 13:00:00,2.36373333333333,13,5,1,0.7178694444444446,0.4380669864639865,3.757105510675573,True,High Consumption
2008-05-31 14:00:00,2.6467,14,5,1,0.7539055555555553,0.5308527428177925,3.565573447727516,True,High Consumption
2008-06-01 19:00:00,2.93226666666667,19,6,1,1.154405555555555,0.5872534586548576,3.0274170120401203,True,High Consumption
2008-06-03 20:00:00,3.49216666666667,20,1,0,0.8114694444444441,0.6045934570445953,4.433883944636363,True,High Consumption
2008-06-06 20:00:00,3.06356666666667,20,4,0,0.6952402777777779,0.4118724057828358,5.750145811267624,True,High Consumption
2008-06-06 21:00:00,2.96636666666667,21,4,0,0.7456472222222225,0.5937142784508415,3.740384095593752,True,High Consumption
2008-06-07 13:00:00,3.90116666666667,13,5,1,1.1264402777777778,0.7801950181064873,3.5564523285768725,True,High Consumption
2008-06-08 21:00:00,3.32456666666667,21,6,1,0.9032472222222222,0.7422602830014704,3.2620894582334143,True,High Consumption
2008-06-09 22:00:00,3.02633333333333,22,0,0,0.8336708333333337,0.68879116607647,3.183348753570637,True,High Consumption
2008-06-13 14:00:00,3.0503,14,4,0,0.8748930555555555,0.6019778203803504,3.6137659408613216,True,High Consumption
2008-06-15 12:00:00,3.17533333333333,12,6,1,1.088956944444445,0.5476518966031816,3.809676186332346,True,High Consumption
2008-06-15 13:00:00,4.2955,13,6,1,1.1516833333333336,0.6858590615210473,4.583764862265642,True,High Consumption
2008-06-18 16:00:00,3.6527,16,2,0,1.0236861111111109,0.7722700763419531,3.404267456978081,True,High Consumption
2008-06-24 11:00:00,2.98683333333333,11,1,0,0.9617263888888892,0.6592976925771883,3.071612364557682,True,High Consumption
2008-06-27 16:00:00,2.33633333333333,16,4,0,0.7103861111111112,0.5198337120700401,3.127821810069805,True,High Consumption
2008-06-27 18:00:00,2.86506666666667,18,4,0,0.8272569444444445,0.6010994930370464,3.390137150051852,True,High Consumption
2008-07-01 19:00:00,2.9667,19,1,0,0.4682722222222224,0.270794582943201,9.226284184206968,True,High Consumption
2008-07-01 20:00:00,2.54003333333333,20,1,0,0.5741611111111112,0.5770157390888146,3.4069646441994723,True,High Consumption
2008-07-03 21:00:00,3.65613333333333,21,3,0,0.6299555555555554,0.48970780114186974,6.17955803587675,True,High Consumption
2008-07-05 13:00:00,2.14613333333333,13,5,1,0.6173291666666669,0.38592206233183374,3.9614324131387084,True,High Consumption
2008-07-05 14:00:00,2.23826666666667,14,5,1,0.6941194444444445,0.49001093420874975,3.1512505424305552,True,High Consumption
2008-07-05 15:00:00,2.8815,15,5,1,0.7768069444444446,0.5729000668249599,3.673752504899968,True,High Consumption
2008-07-06 22:00:00,3.33713333333333,22,6,1,1.1796138888888892,0.5709679565716119,3.7787049511487614,True,High Consumption
2008-07-08 22:00:00,2.47873333333333,22,1,0,0.6821972222222227,0.44571501216500775,4.030683423438322,True,High Consumption
2008-07-12 13:00:00,2.81623333333333,13,5,1,0.7793874999999996,0.4996776594601094,4.076319592783269,True,High Consumption
2008-07-12 15:00:00,3.99293333333333,15,5,1,0.8582055555555551,0.6454961797217943,4.85630725053838,True,High Consumption
2008-07-14 18:00:00,2.27623333333333,18,0,0,0.6861411398467432,0.4933276406670831,3.223197044739772,True,High Consumption
2008-07-16 20:00:00,1.58026666666667,20,2,0,0.5971333333333335,0.29266851456947235,3.359204302449708,True,High Consumption
2008-07-16 21:00:00,3.83916666666667,21,2,0,0.6457472222222226,0.35177713505226926,9.077961943063608,True,High Consumption
2008-07-19 11:00:00,2.67496666666667,11,5,1,0.7571194444444441,0.5617702873423865,3.413934957819049,True,High Consumption
2008-07-21 21:00:00,2.2222,21,0,0,0.7421555555555552,0.4736781624798781,3.1245781665252874,True,High Consumption
2008-07-23 07:00:00,1.45426666666667,7,2,0,0.5147055555555556,0.27388640504113615,3.4304773578301475,True,High Consumption
2008-07-24 21:00:00,2.8657,21,3,0,0.7136902777777779,0.40729079730933665,5.283718012876619,True,High Consumption
2008-07-27 14:00:00,1.84183333333333,14,6,1,0.5543055555555556,0.3478775955903161,3.701094275970716,True,High Consumption
2008-07-29 08:00:00,1.9135,8,1,0,0.542175,0.20061842052061354,6.835488966772602,True,High Consumption
2008-07-31 22:00:00,3.03136666666667,22,3,0,0.8707097222222214,0.6084268744028127,3.551218782972385,True,High Consumption
2008-08-02 20:00:00,0.938666666666667,20,5,1,0.3428833333333334,0.13449793130969145,4.429683992399097,True,High Consumption
2008-08-03 08:00:00,1.00466666666667,8,6,1,0.3449555555555556,0.175401108757378,3.7611570176768594,True,High Consumption
2008-08-04 09:00:00,0.961766666666667,9,0,0,0.33045555555555556,0.15058242985279177,4.1924619740050435,True,High Consumption
2008-08-04 17:00:00,1.0728813559322,17,0,0,0.35285277777777785,0.1972357822718531,3.650598131134216,True,High Consumption
2008-08-04 18:00:00,2.1712,18,0,0,0.38553672316384174,0.24525078139165832,7.28096875656639,True,High Consumption
2008-08-04 19:00:00,2.56606666666667,19,0,0,0.4636353342749528,0.43826448071407026,4.797174822304097,True,High Consumption
2008-08-07 12:00:00,0.178266666666667,12,3,0,0.2346166666666667,0.017835406896099366,-3.1594457209901696,True,Low Consumption
2008-08-09 15:00:00,1.24456666666667,15,5,1,0.2043222222222222,0.037141710171721715,28.007446066294765,True,High Consumption
2008-08-10 18:00:00,0.3005,18,6,1,0.2028722222222222,0.02686883629688571,3.63349483018338,True,High Consumption
2008-08-10 19:00:00,0.4147,19,6,1,0.20649999999999993,0.03343278641915879,6.227419916178158,True,High Consumption
2008-08-31 14:00:00,1.61193333333333,14,6,1,0.1945958333333333,0.02759141733232247,51.3687819269665,True,High Consumption
2008-08-31 15:00:00,2.40186666666667,15,6,1,0.25284722222222206,0.2907669872278007,7.390864640217233,True,High Consumption
2008-08-31 16:00:00,2.1426,16,6,1,0.34708055555555556,0.5249031887658013,3.420667816223841,True,High Consumption
2008-08-31 17:00:00,2.88796666666667,17,6,1,0.42676944444444437,0.6391171694015486,3.850932724162021,True,High Consumption
2008-09-04 21:00:00,2.8183,21,3,0,0.7833069444444445,0.5242635025391469,3.8816225918827945,True,High Consumption
2008-09-06 10:00:00,2.58226666666667,10,5,1,0.6013513888888891,0.5479978833820772,3.6148228630960597,True,High Consumption
2008-09-07 16:00:00,3.0475,16,6,1,0.9798944444444446,0.678256191722796,3.048413830626094,True,High Consumption
2008-09-14 12:00:00,3.5746,12,6,1,0.9285208333333338,0.8110973011087809,3.2623449283451453,True,High Consumption
2008-09-17 10:00:00,2.93833333333333,10,2,0,0.8288902777777776,0.5456472820190764,3.8659462349925238,True,High Consumption
2008-09-21 12:00:00,3.28536666666667,12,6,1,0.650316666666667,0.472448899979456,5.577428585640872,True,High Consumption
2008-09-22 20:00:00,4.29123333333333,20,0,0,0.8563902777777775,0.7473830859390325,4.595826585023559,True,High Consumption
2008-09-26 19:00:00,2.93466666666667,19,4,0,0.9145097222222226,0.6627131809761582,3.0483126070750726,True,High Consumption
2008-09-30 21:00:00,3.4837,21,1,0,0.9391291666666662,0.7771174753310979,3.274370882277736,True,High Consumption
2008-10-03 20:00:00,3.56243333333333,20,4,0,0.9857569444444451,0.7274123882354341,3.5422498029479783,True,High Consumption
2008-10-07 07:00:00,2.89516666666667,7,1,0,0.7183527777777781,0.5608135702456459,3.8815285584751638,True,High Consumption
2008-10-07 21:00:00,3.2826,21,1,0,1.1370222222222224,0.7037934007119337,3.0485903613295937,True,High Consumption
2008-10-12 19:00:00,4.90773333333333,19,6,1,1.067294444444444,0.7085926408681023,5.419811987016877,True,High Consumption
2008-10-12 20:00:00,4.91363333333333,20,6,1,1.1663249999999994,1.0197942863624903,3.674572787321279,True,High Consumption
2008-10-17 20:00:00,4.9791,20,4,0,1.130058333333333,0.8401928541123451,4.581140684341024,True,High Consumption
2008-10-18 23:00:00,5.00816666666667,23,5,1,1.3633486111111115,1.0659671965196456,3.4192591174060447,True,High Consumption
2008-10-20 20:00:00,3.18396666666667,20,0,0,1.077230555555556,0.674282199191511,3.1244130627164233,True,High Consumption
2008-10-23 07:00:00,4.04113333333333,7,3,0,1.144352777777778,0.7099865235787549,4.08005005637861,True,High Consumption
2008-10-24 19:00:00,3.96576666666667,19,4,0,1.1250083333333332,0.8821874254643066,3.220130157532238,True,High Consumption
2008-10-24 20:00:00,4.73903333333333,20,4,0,1.2251430555555556,1.053724031902382,3.334734874968956,True,High Consumption
2008-10-24 21:00:00,5.35686666666667,21,4,0,1.2685722222222224,1.1745691139091952,3.4806759313105093,True,High Consumption
2008-10-27 16:00:00,1.16526666666667,16,0,0,0.36765972222222226,0.22136732299241196,3.603092514570401,True,High Consumption
2008-10-28 03:00:00,1.0841,3,1,0,0.36276527777777795,0.22237513686469199,3.24377415745507,True,High Consumption
2008-10-28 18:00:00,1.7671,18,1,0,0.36080277777777775,0.2084358068946693,6.746908044129282,True,High Consumption
2008-10-28 19:00:00,2.8276,19,1,0,0.4233069444444444,0.3535138263330477,6.8011287719492355,True,High Consumption
2008-10-28 20:00:00,2.4787,20,1,0,0.5282430555555555,0.603528320359751,3.231757116686449,True,High Consumption
2008-10-28 21:00:00,3.31453333333333,21,1,0,0.6199208333333334,0.7198378382074878,3.743360458391595,True,High Consumption
2008-10-30 14:00:00,1.477,14,3,0,0.778554166666667,0.21720277571659366,3.215639537888161,True,High Consumption
2008-10-31 12:00:00,1.8485,12,4,0,0.588675,0.33433276073904744,3.768176942083506,True,High Consumption
2008-11-02 03:00:00,1.45336666666667,3,6,1,0.5769097222222219,0.20505834081571844,4.274183341959747,True,High Consumption
2008-11-02 23:00:00,1.45726666666667,23,6,1,0.5932013888888892,0.24049849527571499,3.592809496737971,True,High Consumption
2008-11-04 17:00:00,2.13286666666667,17,1,0,0.4921222222222223,0.25740259274221877,6.374234334490971,True,High Consumption
2008-11-04 18:00:00,3.736,18,1,0,0.544151388888889,0.4168862238902814,7.656402222471042,True,High Consumption
2008-11-04 20:00:00,4.44613333333333,20,1,0,0.7555388888888892,0.9034448573152366,4.085024575170825,True,High Consumption
2008-11-08 22:00:00,3.7183,22,5,1,1.0396402777777773,0.6922258310388345,3.869632715384682,True,High Consumption
2008-11-15 15:00:00,4.1835,15,5,1,1.1101527777777778,0.663301145815574,4.633411598352258,True,High Consumption
2008-11-15 17:00:00,4.5308,17,5,1,1.388102777777778,0.9831338047096911,3.1966119028428963,True,High Consumption
2008-11-18 07:00:00,3.2643,7,1,0,1.0762291666666663,0.6176594573448879,3.5425197611951424,True,High Consumption
2008-11-22 21:00:00,3.89316666666667,21,5,1,1.0050388888888893,0.6022596297364653,4.795486257382979,True,High Consumption
2008-11-23 12:00:00,4.15833333333333,12,6,1,1.1908282485875705,0.7857959305489087,3.7764322381675384,True,High Consumption
2008-11-23 18:00:00,6.56053333333333,18,6,1,1.7688004708097933,1.2009662547353601,3.9898980039030514,True,High Consumption
2008-11-27 19:00:00,3.78103333333333,19,3,0,1.5206486111111106,0.7199126552615214,3.139804121655694,True,High Consumption
2008-11-30 20:00:00,5.9305,20,6,1,1.5614569444444444,1.0643275301556565,4.104979841042531,True,High Consumption
2008-12-06 10:00:00,4.2289,10,5,1,1.387733333333333,0.9008900118918808,3.1537331185414965,True,High Consumption
2008-12-09 20:00:00,3.99756666666667,20,1,0,1.343755555555556,0.8164757357800263,3.250324528720716,True,High Consumption
2008-12-13 16:00:00,4.011,16,5,1,1.3061930555555554,0.8619599831537178,3.137972756633277,True,High Consumption
2008-12-26 14:00:00,2.2485,14,4,0,0.6529180555555559,0.3952109338318068,4.037292007521961,True,High Consumption
2008-12-27 01:00:00,2.7415,1,5,1,0.9061944444444445,0.582430059466959,3.151117504538193,True,High Consumption
2008-12-29 18:00:00,1.1984,18,0,0,0.35336944444444446,0.20469593236372596,4.128223486405257,True,High Consumption
2008-12-30 04:00:00,1.29386666666667,4,1,0,0.36143611111111107,0.2505395431808508,3.72169017200805,True,High Consumption
2008-12-30 15:00:00,1.5488,15,1,0,0.46576944444444485,0.34389229859860443,3.149330647906374,True,High Consumption
2008-12-30 16:00:00,2.08003333333333,16,1,0,0.5182625000000004,0.40623335875987254,3.844516457488917,True,High Consumption
2008-12-30 17:00:00,2.57123333333333,17,1,0,0.5937000000000002,0.5122953379025778,3.86014313819384,True,High Consumption
2008-12-31 19:00:00,3.15303333333333,19,2,0,1.1060569444444446,0.6623675734553477,3.090393417374739,True,High Consumption
2008-12-31 20:00:00,4.17896666666667,20,2,0,1.1764916666666665,0.781156685232895,3.8436270939739092,True,High Consumption
2009-01-01 20:00:00,3.4588,20,3,0,0.8835875000000003,0.8520144774808416,3.0224985232811448,True,High Consumption
2009-01-07 14:00:00,3.67523333333333,14,2,0,1.1613902777777783,0.7126951919074678,3.527234481303944,True,High Consumption
2009-01-16 17:00:00,4.15126666666667,17,4,0,1.2713125000000007,0.929220027079609,3.0993242533933625,True,High Consumption
2009-01-16 19:00:00,4.9582,19,4,0,1.5135638888888898,1.1356543380143729,3.033173031447104,True,High Consumption
2009-01-16 20:00:00,6.51963333333333,20,4,0,1.6014180555555564,1.311460612140536,3.7501814635137034,True,High Consumption
2009-01-21 21:00:00,3.5802,21,2,0,1.1560388888888888,0.7322694941379659,3.3104767172704017,True,High Consumption
2009-01-24 11:00:00,5.0734,11,5,1,1.2680944444444442,0.8070690868108191,4.714968789837366,True,High Consumption
2009-01-25 13:00:00,4.33043333333333,13,6,1,1.7304916666666672,0.8060786316548761,3.225419412655801,True,High Consumption
2009-01-28 15:00:00,4.20936666666667,15,2,0,1.3171777777777771,0.8445013810960216,3.424729613982768,True,High Consumption
2009-01-31 17:00:00,5.0725,17,5,1,1.667300000000001,1.0939271930837489,3.112821421324064,True,High Consumption
2009-02-04 07:00:00,3.36876666666667,7,2,0,1.344059722222222,0.6429393174255932,3.149141590145116,True,High Consumption
2009-02-04 08:00:00,4.0461,8,2,0,1.397784722222222,0.751723269759214,3.5229922822876896,True,High Consumption
2009-02-07 11:00:00,3.71033333333333,11,5,1,1.241365277777778,0.8059681285267232,3.0633569345585974,True,High Consumption
2009-02-11 12:00:00,4.24926666666667,12,2,0,1.3987430555555556,0.6844704047111914,4.164568097453209,True,High Consumption
2009-02-11 18:00:00,5.2338,18,2,0,1.5313263888888888,1.0094671224952947,3.667750567209155,True,High Consumption
2009-02-14 11:00:00,3.4953,11,5,1,1.1864037356321837,0.7146580175095928,3.230770813169845,True,High Consumption
2009-02-16 18:00:00,1.95496666666667,18,0,0,0.6066722222222218,0.2762531765470404,4.880647749637227,True,High Consumption
2009-02-16 19:00:00,3.1627,19,0,0,0.6494874999999998,0.3859657482503578,6.5114910102587595,True,High Consumption
2009-02-20 08:00:00,1.24533333333333,8,4,0,0.5206749999999999,0.23466430525202944,3.0880637451658752,True,High Consumption
2009-02-20 12:00:00,1.746,12,4,0,0.6281222222222222,0.30675422279816145,3.6442131670778024,True,High Consumption
2009-02-20 17:00:00,3.42476666666667,17,4,0,0.6642944444444446,0.3716347013831409,7.4279183616286835,True,High Consumption
2009-02-20 18:00:00,2.96103333333333,18,4,0,0.7757861111111114,0.6753836971303272,3.23556406751781,True,High Consumption
2009-02-22 16:00:00,3.7188,16,6,1,0.4568680555555555,0.2176224642689897,14.988948661166578,True,High Consumption
2009-02-22 17:00:00,4.82943333333333,17,6,1,0.5986555555555554,0.6986667017691816,6.055502240287811,True,High Consumption
2009-02-23 22:00:00,4.49416666666667,22,0,0,1.804840277777777,0.7132715888880369,3.770410080515684,True,High Consumption
2009-03-06 20:00:00,3.37566666666667,20,4,0,1.1162902777777781,0.5995920482273654,3.7681893807106266,True,High Consumption
2009-03-08 11:00:00,4.05343333333333,11,6,1,1.1475277777777775,0.8439549862453303,3.44319970012101,True,High Consumption
2009-03-11 11:00:00,3.2493,11,2,0,1.4557805555555554,0.5456634548714634,3.2868601120940495,True,High Consumption
2009-03-17 20:00:00,3.87466666666667,20,1,0,1.2216940207156306,0.7658162110347932,3.464241952212353,True,High Consumption
2009-03-20 19:00:00,3.12763333333333,19,4,0,0.8327986111111114,0.4992392076180504,4.5966636578309625,True,High Consumption
2009-03-24 19:00:00,3.7412,19,1,0,1.0050944444444438,0.6846358768930619,3.996439053080661,True,High Consumption
2009-03-28 18:00:00,4.37503333333333,18,5,1,1.3161875000000005,0.7906373380813344,3.8688355406491817,True,High Consumption
2009-04-04 15:00:00,3.23436666666667,15,5,1,1.0668277777777777,0.6628488147927297,3.270035097772142,True,High Consumption
2009-04-09 19:00:00,3.39686666666667,19,3,0,1.0816541666666672,0.7427273288401496,3.1171769370806133,True,High Consumption
2009-04-11 11:00:00,3.45216666666667,11,5,1,1.1804111111111113,0.7378661958396968,3.07881776989429,True,High Consumption
2009-04-11 19:00:00,4.30473333333333,19,5,1,1.4407138888888895,0.8463548959195546,3.3839462124605753,True,High Consumption
2009-04-12 20:00:00,5.0983,20,6,1,1.4511069444444438,0.9557631484020374,3.816000922041599,True,High Consumption
2009-04-12 21:00:00,5.13396666666667,21,6,1,1.4908222222222218,1.0838036326616873,3.3614432860843415,True,High Consumption
2009-04-19 20:00:00,2.03853333333333,20,6,1,0.6534555555555557,0.4094334703397526,3.3829129226499752,True,High Consumption
2009-04-19 21:00:00,3.18693333333333,21,6,1,0.7177277777777777,0.49563875282418957,4.981865403957661,True,High Consumption
2009-04-23 21:00:00,3.05966666666667,21,3,0,0.6225055555555554,0.30852327790827233,7.899439963281188,True,High Consumption
2009-04-25 10:00:00,3.22283333333333,10,5,1,0.764233333333333,0.4176412229547044,5.886870990861566,True,High Consumption
2009-04-25 11:00:00,2.9252,11,5,1,0.8350027777777772,0.637879235152924,3.276791447398539,True,High Consumption
2009-04-27 21:00:00,2.88626666666667,21,0,0,0.8385888888888887,0.6099177399723668,3.3573015565517967,True,High Consumption
2009-05-03 11:00:00,2.6576,11,6,1,0.8920013888888896,0.5293153007258675,3.3356273825636378,True,High Consumption
2009-05-03 20:00:00,4.2653,20,6,1,0.9030791666666674,0.6223675275929498,5.402307614500645,True,High Consumption
2009-05-10 16:00:00,3.72056666666667,16,6,1,0.8662291666666673,0.4727836663837512,6.037301419129783,True,High Consumption
2009-05-10 19:00:00,3.63633333333333,19,6,1,1.0895181497175148,0.7998499078351038,3.184116368168494,True,High Consumption
2009-05-14 20:00:00,3.18366666666667,20,3,0,0.9568152777777778,0.6869058312904124,3.2418583267892167,True,High Consumption
2009-05-16 14:00:00,3.7777,14,5,1,1.045759722222222,0.7396789706430057,3.693413475582376,True,High Consumption
2009-05-18 20:00:00,2.4866,20,0,0,0.7971388888888891,0.5448710410443436,3.100662328966785,True,High Consumption
2009-05-21 12:00:00,2.85983333333333,12,3,0,0.7559916666666667,0.48909565321637927,4.301493282206517,True,High Consumption
2009-05-24 18:00:00,2.55796666666667,18,6,1,0.8647486111111112,0.530183884787905,3.193643006016515,True,High Consumption
2009-05-25 21:00:00,2.35706666666667,21,0,0,0.8729069444444447,0.49281789112652846,3.0115784125239373,True,High Consumption
2009-05-27 21:00:00,2.9227,21,2,0,1.0846902777777783,0.5668703860134463,3.242380917352461,True,High Consumption
2009-06-06 19:00:00,2.55576666666667,19,5,1,0.8069138888888893,0.5409461950899319,3.232951435192247,True,High Consumption
2009-06-07 13:00:00,3.45546666666667,13,6,1,0.8825097222222222,0.6814928135538264,3.775471865986489,True,High Consumption
2009-06-08 19:00:00,2.4233,19,0,0,0.6416763888888889,0.41236142166220224,4.320539016306378,True,High Consumption
2009-06-17 21:00:00,2.3328,21,2,0,0.6330347222222225,0.42907894113722933,3.9614278744902416,True,High Consumption
2009-06-21 18:00:00,1.09683333333333,18,6,1,0.3857833333333334,0.1807960943423899,3.9328836310668134,True,High Consumption
2009-06-21 19:00:00,1.4966,19,6,1,0.41829305555555557,0.2309947145763976,4.668102239576623,True,High Consumption
2009-06-21 20:00:00,2.05013333333333,20,6,1,0.4663916666666667,0.3181935553581969,4.97729020590569,True,High Consumption
2009-06-23 22:00:00,2.13363333333333,22,1,0,0.6489694444444444,0.4655495877339821,3.1890563927149937,True,High Consumption
2009-06-24 18:00:00,2.7345,18,2,0,0.9583833333333335,0.5818829429736329,3.0523607679408276,True,High Consumption
2009-06-29 22:00:00,1.87316666666667,22,0,0,0.6831944444444445,0.37437383131256247,3.1785667765563583,True,High Consumption
2009-07-04 22:00:00,2.07173333333333,22,5,1,0.7597513888888896,0.42060737299790324,3.119255697048802,True,High Consumption
2009-07-07 20:00:00,2.36666666666667,20,1,0,0.7579124999999994,0.5118927908789606,3.142756052306015,True,High Consumption
2009-07-08 08:00:00,3.0504,8,2,0,0.7776944444444442,0.575607343910687,3.948360943616097,True,High Consumption
2009-07-10 07:00:00,1.94046666666667,7,4,0,0.6185694444444446,0.3788326797136055,3.4893959602998588,True,High Consumption
2009-07-12 22:00:00,0.864533333333333,22,6,1,0.3328694444444445,0.16341061966702813,3.2535455160272178,True,High Consumption
2009-07-13 09:00:00,1.14,9,0,0,0.33747777777777777,0.17139523797538353,4.682290078196242,True,High Consumption
2009-07-14 11:00:00,1.23406666666667,11,1,0,0.36219305555555564,0.21257590948333482,4.101469509081253,True,High Consumption
2009-07-14 12:00:00,2.74533333333333,12,1,0,0.4026666666666668,0.2758611738653524,8.492194221612776,True,High Consumption
2009-07-16 17:00:00,1.1898,17,3,0,0.4066583333333335,0.17524893137150085,4.4687386139121505,True,High Consumption
2009-07-17 09:00:00,1.35843333333333,9,4,0,0.43054166666666666,0.23230245553029175,3.994325692978602,True,High Consumption
2009-07-17 10:00:00,1.37366666666667,10,4,0,0.4747138888888888,0.29766106717173213,3.020054944770928,True,High Consumption
2009-07-18 13:00:00,1.0999,13,5,1,0.4039583333333335,0.2164101597019316,3.2158456313936865,True,High Consumption
2009-07-18 19:00:00,1.55896666666667,19,5,1,0.47685972222222234,0.2874798960379635,3.764113454046709,True,High Consumption
2009-07-20 13:00:00,1.82753333333333,13,0,0,0.43477222222222217,0.22958403420110995,6.066454559688952,True,High Consumption
2009-07-20 14:00:00,1.8438,14,0,0,0.4940124999999999,0.3651693710418387,3.6963327349964143,True,High Consumption
2009-07-22 19:00:00,1.3132,19,2,0,0.3855388888888888,0.18199097224161587,5.097291913356694,True,High Consumption
2009-07-23 02:00:00,1.7405,2,3,0,0.5729250000000002,0.3462236429564263,3.3723144671172673,True,High Consumption
2009-07-24 21:00:00,0.963666666666667,21,4,0,0.36488750000000003,0.17217168569151553,3.4778027772784608,True,High Consumption
2009-07-25 08:00:00,1.35083333333333,8,5,1,0.3406513888888889,0.17852618205501472,5.658452630399853,True,High Consumption
2009-07-26 07:00:00,1.25703333333333,7,6,1,0.37765694444444425,0.2597793258015771,3.3850899650134787,True,High Consumption
2009-07-27 04:00:00,1.2118,4,0,0,0.3896833333333331,0.24335947169518696,3.3781987647326335,True,High Consumption
2009-07-27 09:00:00,1.35373333333333,9,0,0,0.3990472222222221,0.23191285572159595,4.1165726157810685,True,High Consumption
2009-07-28 12:00:00,1.5792,12,1,0,0.4140027777777775,0.21482344192305952,5.423976134967364,True,High Consumption
2009-07-28 18:00:00,1.48646666666667,18,1,0,0.45496249999999977,0.3251029426431094,3.17285398366582,True,High Consumption
2009-07-30 18:00:00,1.59003333333333,18,3,0,0.4007597222222223,0.20372416939589544,5.837665774452135,True,High Consumption
2009-07-31 17:00:00,1.8858,17,4,0,0.6207694444444445,0.40103838840869666,3.1543876898546874,True,High Consumption
2009-07-31 19:00:00,2.98123333333333,19,4,0,0.6814513888888891,0.4797394660267964,4.793814366558668,True,High Consumption
2009-08-03 05:00:00,1.18116666666667,5,0,0,0.3370180555555556,0.17972144414594274,4.696983240495352,True,High Consumption
2009-08-05 04:00:00,1.06686666666667,4,2,0,0.35369027777777773,0.18010583884590206,3.9597627342836095,True,High Consumption
2009-08-05 16:00:00,1.21106666666667,16,2,0,0.3570069444444446,0.2063827430197057,4.138232246194532,True,High Consumption
2009-08-06 04:00:00,1.1637,4,3,0,0.36291250000000025,0.244006084071695,3.2818341519906884,True,High Consumption
2009-08-07 17:00:00,1.08753333333333,17,4,0,0.34855972222222226,0.13695209606405376,5.395854699189728,True,High Consumption
2009-08-08 05:00:00,1.0085,5,5,1,0.35656944444444433,0.19434990630020338,3.354416618799643,True,High Consumption
2009-08-09 17:00:00,2.23416666666667,17,6,1,0.3678305555555556,0.17784284788167892,10.49429950847847,True,High Consumption
2009-08-09 18:00:00,2.7101,18,6,1,0.42713750000000017,0.41336471050988366,5.522877115426653,True,High Consumption
2009-08-10 22:00:00,2.78083333333333,22,0,0,0.5947319444444444,0.42816304362981106,5.105768518356724,True,High Consumption
2009-08-12 21:00:00,1.42006666666667,21,2,0,0.5154569444444443,0.293073221709185,3.0866338348710176,True,High Consumption
2009-08-13 19:00:00,1.90133333333333,19,3,0,0.5499722222222222,0.3507547567575859,3.852723548507889,True,High Consumption
2009-08-13 20:00:00,3.71753333333333,20,3,0,0.617584722222222,0.4409723417421437,7.02980281907065,True,High Consumption
2009-08-15 13:00:00,1.29136666666667,13,5,1,0.4847791666666666,0.19181939064968823,4.204932031470378,True,High Consumption
2009-08-15 15:00:00,1.6376,15,5,1,0.527802777777778,0.2514949021134228,4.4128020603841485,True,High Consumption
2009-08-15 16:00:00,2.6086,16,5,1,0.577975,0.33732188862551316,6.019843563292604,True,High Consumption
2009-08-15 17:00:00,2.76186666666667,17,5,1,0.6700430555555558,0.5318154535782519,3.933363720509714,True,High Consumption
2009-08-18 08:00:00,1.45576666666667,8,1,0,0.5207222222222219,0.31017341349834093,3.0145860468774495,True,High Consumption
2009-08-18 21:00:00,3.8541,21,1,0,0.6398499999999997,0.3564781484721769,9.016681706230507,True,High Consumption
2009-08-21 07:00:00,1.6922,7,4,0,0.5283319444444443,0.30070494558203326,3.8704652938208786,True,High Consumption
2009-08-21 19:00:00,1.99066666666667,19,4,0,0.5743652777777776,0.38570099323381407,3.67201903478201,True,High Consumption
2009-08-21 20:00:00,2.1803,20,4,0,0.6425305555555555,0.4785731310166366,3.2132381547993485,True,High Consumption
2009-08-22 18:00:00,3.17776666666667,18,5,1,1.0553611111111114,0.5706903135479318,3.719014507817294,True,High Consumption
2009-08-26 21:00:00,2.8228,21,2,0,0.7456791666666658,0.6002626227830378,3.4603534428031515,True,High Consumption
2009-08-28 08:00:00,1.82346666666667,8,4,0,0.5298819444444441,0.2545474842482381,5.081899457944376,True,High Consumption
2009-08-28 09:00:00,1.6743,9,4,0,0.5698055555555555,0.36193167672245286,3.051665591822253,True,High Consumption
2009-08-28 12:00:00,1.939,12,4,0,0.6365055555555554,0.4157324489939726,3.133011261440717,True,High Consumption
2009-08-30 15:00:00,3.59143333333333,15,6,1,1.108165277777778,0.7359756351957807,3.374117208234706,True,High Consumption
2009-08-31 21:00:00,2.5673,21,0,0,0.8661347222222219,0.5206082085499285,3.267649740898446,True,High Consumption
2009-09-06 20:00:00,2.4406,20,6,1,0.6773319444444441,0.4436911739307666,3.9740886435363154,True,High Consumption
2009-09-06 21:00:00,2.59486666666667,21,6,1,0.7593541666666663,0.5684968606435575,3.228711760909536,True,High Consumption
2009-09-07 21:00:00,3.14966666666667,21,0,0,0.8030083333333339,0.7591099910914534,3.0913284779183257,True,High Consumption
2009-09-12 19:00:00,3.06166666666667,19,5,1,1.0032680555555553,0.5941150043583863,3.4646467367611424,True,High Consumption
2009-09-12 21:00:00,4.30033333333333,21,5,1,1.0966875,0.7270148453063897,4.40657553833471,True,High Consumption
2009-09-12 22:00:00,4.4504,22,5,1,1.2215875,0.9780894189095531,3.3011424493270978,True,High Consumption
2009-09-15 20:00:00,3.51663333333333,20,1,0,0.8609277777777776,0.6647075730341405,3.9952990808172286,True,High Consumption
2009-09-18 20:00:00,3.30503333333333,20,4,0,0.8186444444444444,0.660576452085528,3.763968396147069,True,High Consumption
2009-09-24 20:00:00,3.6872,20,3,0,0.9090986111111116,0.7581551309956135,3.664291482457779,True,High Consumption
2009-09-27 20:00:00,2.7971,20,6,1,0.6753680555555562,0.46132882060696223,4.59917492614686,True,High Consumption
2009-09-27 21:00:00,2.7097,21,6,1,0.7669027777777785,0.632110961404851,3.073506616471897,True,High Consumption
2009-10-03 15:00:00,2.81666666666667,15,5,1,0.8505208333333331,0.5995299147075233,3.2794791137194688,True,High Consumption
2009-10-04 20:00:00,3.42866666666667,20,6,1,0.9477388888888897,0.7073724916196164,3.5072437890500816,True,High Consumption
2009-10-07 20:00:00,3.6453,20,2,0,1.1973402777777775,0.7807602187153244,3.135354060751373,True,High Consumption
2009-10-10 14:00:00,2.63816666666667,14,5,1,0.888488888888889,0.5509377115398453,3.175817776001416,True,High Consumption
2009-10-14 07:00:00,3.38533333333333,7,2,0,1.0322861111111112,0.7340339311429853,3.2056382169666477,True,High Consumption
2009-10-15 20:00:00,3.37746666666667,20,3,0,0.9866277777777773,0.666027766294335,3.589698522917615,True,High Consumption
2009-10-17 16:00:00,4.66316666666667,16,5,1,1.232873611111111,0.8291961298372642,4.136889852861203,True,High Consumption
2009-10-23 15:00:00,4.0253,15,4,0,0.7975416666666669,0.5275140811592046,6.118809807390127,True,High Consumption
2009-10-28 21:00:00,2.64506666666667,21,2,0,0.7583638888888887,0.48472854995522147,3.8922872976062,True,High Consumption
2009-10-29 15:00:00,3.43806666666667,15,3,0,0.9124888888888892,0.6415988213834468,3.9363815730396854,True,High Consumption
2009-10-31 12:00:00,3.68986666666667,12,5,1,0.9501013888888888,0.7639218900859955,3.586446878056293,True,High Consumption
2009-11-03 19:00:00,4.12583333333333,19,1,0,1.2901666666666665,0.8591683380126713,3.300478545596546,True,High Consumption
2009-11-03 20:00:00,4.83083333333333,20,1,0,1.3798333333333332,1.0291101691703521,3.3533824690335376,True,High Consumption
2009-11-05 20:00:00,3.57276666666667,20,3,0,0.9513916666666665,0.6745093208317227,3.8863436264567013,True,High Consumption
2009-11-08 12:00:00,4.3383,12,6,1,1.1872194444444448,0.8057865780489959,3.9105647095600466,True,High Consumption
2009-11-11 17:00:00,4.53616666666667,17,2,0,1.058240277777778,0.6911288654057238,5.032240097289515,True,High Consumption
2009-11-21 17:00:00,4.76863333333333,17,5,1,1.3362722222222223,0.8872721178301965,3.8684424339906767,True,High Consumption
2009-11-22 20:00:00,5.11516666666667,20,6,1,1.6360874999999997,1.1249611790966865,3.0926215333584017,True,High Consumption
2009-11-24 19:00:00,4.5056,19,1,0,1.3117097222222223,0.8099769445325541,3.9431866540608818,True,High Consumption
2009-11-26 20:00:00,3.81416666666667,20,3,0,1.0122444444444443,0.6566120088829644,4.2672418175672515,True,High Consumption
2009-11-28 17:00:00,3.282,17,5,1,0.9798388888888886,0.6232793290305416,3.6936266034876026,True,High Consumption
2009-12-12 17:00:00,4.24133333333333,17,5,1,1.116719444444444,0.7298377590154409,4.281244496179568,True,High Consumption
2009-12-19 07:00:00,3.36903333333333,7,5,1,1.5003222222222228,0.5911542608020247,3.161122629101597,True,High Consumption
2009-12-21 12:00:00,1.86716666666667,12,0,0,0.6251513888888889,0.41250913665524697,3.0108794385705715,True,High Consumption
2009-12-21 19:00:00,3.3253,19,0,0,0.9367055555555561,0.6159372723305808,3.8779832813274804,True,High Consumption
2009-12-21 20:00:00,4.21143333333333,20,0,0,1.0598611111111118,0.7730637118481694,4.076730253820517,True,High Consumption
2009-12-24 15:00:00,3.50866666666667,15,3,0,0.8549236111111113,0.5744634792005208,4.619515690098813,True,High Consumption
2009-12-24 16:00:00,4.53326666666667,16,3,0,0.9904819444444447,0.7754922396867641,4.568433494129126,True,High Consumption
2009-12-24 17:00:00,4.67096666666667,17,3,0,1.1649666666666671,1.0474969074470297,3.3470265879303285,True,High Consumption
2010-01-02 17:00:00,2.3318,17,5,1,0.524997222222222,0.33595260677899347,5.37814781406469,True,High Consumption
2010-01-02 18:00:00,3.52515254237288,18,5,1,0.5737305555555553,0.4844264171317735,6.092611555522332,True,High Consumption
2010-01-09 14:00:00,3.41116666666667,14,5,1,1.1927708333333336,0.7136372518840042,3.1085762794427647,True,High Consumption
2010-01-09 18:00:00,4.30086666666667,18,5,1,1.2684486111111113,0.84301517226815,3.5971097025416214,True,High Consumption
2010-01-11 20:00:00,3.26706666666667,20,0,0,1.0199791666666667,0.6897503117377025,3.257827451123391,True,High Consumption
2010-01-15 20:00:00,5.3368,20,4,0,1.3333444444444453,0.7497141843587103,5.3399757388611055,True,High Consumption
2010-01-19 19:00:00,4.45376666666667,19,1,0,1.523477777777778,0.8287220274666013,3.5359128776228737,True,High Consumption
2010-01-23 18:00:00,5.26553333333333,18,5,1,1.3826081214689268,0.8065013624145927,4.814530257257438,True,High Consumption
2010-01-25 19:00:00,3.71333333333333,19,0,0,1.071830555555556,0.6796143998295667,3.8867669349563636,True,High Consumption
2010-01-27 17:00:00,4.07983333333333,17,2,0,1.5005888888888892,0.5752629512314889,4.483592136296883,True,High Consumption
2010-01-30 18:00:00,5.14216666666667,18,5,1,1.4065430555555558,1.1329853349984895,3.2971508948225656,True,High Consumption
2010-02-03 21:00:00,4.5192,21,2,0,1.874981944444445,0.8400910028907956,3.1475376434894153,True,High Consumption
2010-02-13 12:00:00,3.92413333333333,12,5,1,1.228994444444445,0.6999443306135965,3.850504634456042,True,High Consumption
2010-02-15 19:00:00,3.50813333333333,19,0,0,1.1163378766478342,0.7086935741174925,3.374936000603508,True,High Consumption
2010-02-15 20:00:00,4.61963333333333,20,0,0,1.1627225988700562,0.8231962830627144,4.199376024393337,True,High Consumption
2010-02-17 12:00:00,4.05993333333333,12,2,0,1.2366986111111116,0.7020591186881894,4.021363225788571,True,High Consumption
2010-02-21 11:00:00,5.0908,11,6,1,1.171347222222222,0.8604172466596781,4.555293135968535,True,High Consumption
2010-03-01 11:00:00,2.39663333333333,11,0,0,0.41915138888888864,0.23638401982557014,8.365548339112104,True,High Consumption
2010-03-01 12:00:00,2.12276666666667,12,0,0,0.5067486111111107,0.4660597424932297,3.467405373634121,True,High Consumption
2010-03-03 08:00:00,1.52173333333333,8,2,0,0.5460625000000003,0.3233915740632563,3.016995220606724,True,High Consumption
2010-03-04 16:00:00,1.2828,16,3,0,0.42464444444444444,0.23058580422020974,3.7216322074017008,True,High Consumption
2010-03-05 02:00:00,1.3871,2,4,0,0.4871972222222222,0.25826226547778164,3.4844532015274083,True,High Consumption
2010-03-05 12:00:00,1.4802,12,4,0,0.5392722222222222,0.2582692097445666,3.643205392963312,True,High Consumption
2010-03-05 13:00:00,2.01093333333333,13,4,0,0.5848388888888888,0.31939979152730585,4.4649197722551515,True,High Consumption
2010-03-05 14:00:00,2.05916666666667,14,4,0,0.6525472222222221,0.42887766167939884,3.279768498402105,True,High Consumption
2010-03-07 17:00:00,2.43486666666667,17,6,1,0.5903888888888886,0.24014407766050722,7.680713160810603,True,High Consumption
2010-03-07 18:00:00,2.57533333333333,18,6,1,0.6473944444444445,0.4385546486712513,4.396120061046495,True,High Consumption
2010-03-11 20:00:00,3.48573333333333,20,3,0,1.0547666666666666,0.6228953100211647,3.902688987310025,True,High Consumption
2010-03-11 21:00:00,3.94636666666667,21,3,0,1.1545041666666667,0.7965533231670906,3.504928570129589,True,High Consumption
2010-03-14 21:00:00,2.99306666666667,21,6,1,1.0227680555555547,0.523311778424283,3.765056878795619,True,High Consumption
2010-04-04 15:00:00,2.7866,15,6,1,1.0424680555555554,0.5467265678986911,3.1901357037538984,True,High Consumption
2010-04-06 20:00:00,3.1991,20,1,0,1.0810597222222222,0.6600779159819359,3.2087731258619194,True,High Consumption
2010-04-11 20:00:00,3.81613333333333,20,6,1,0.8194045197740117,0.5664466671710332,5.290398879961075,True,High Consumption
2010-04-11 21:00:00,3.88313333333333,21,6,1,0.9460892419962338,0.8333567287712255,3.524353965039357,True,High Consumption
2010-04-15 21:00:00,3.02816666666667,21,3,0,1.1997541666666671,0.5742296900950884,3.1841134854891093,True,High Consumption
2010-04-17 10:00:00,3.58546666666667,10,5,1,1.0549583333333334,0.6157863911625922,4.109393077940207,True,High Consumption
2010-04-24 15:00:00,1.24213333333333,15,5,1,0.4736027777777776,0.192077120913472,4.001156160091364,True,High Consumption
2010-04-24 17:00:00,1.68083333333333,17,5,1,0.5058236111111108,0.2455308563071853,4.785588825349742,True,High Consumption
2010-04-24 18:00:00,2.4453,18,5,1,0.5589236111111107,0.341967644806627,5.516242304021428,True,High Consumption
2010-04-24 19:00:00,2.47806666666667,19,5,1,0.6461791666666662,0.5116975659661538,3.580019960699156,True,High Consumption
2010-04-24 21:00:00,3.14333333333333,21,5,1,0.7714819444444442,0.6871982302999927,3.451480641697035,True,High Consumption
2010-04-26 15:00:00,1.71136666666667,15,0,0,0.4635874999999999,0.19510687516203223,6.395362365526153,True,High Consumption
2010-04-26 22:00:00,2.18433333333333,22,0,0,0.6789263888888889,0.4429607388169277,3.398511002273306,True,High Consumption
2010-04-28 20:00:00,1.82946666666667,20,2,0,0.545047222222222,0.3390874719229858,3.787870537240514,True,High Consumption
2010-04-30 12:00:00,1.9986,12,4,0,0.5381013888888888,0.29647596435054435,4.926195667532296,True,High Consumption
2010-04-30 17:00:00,2.84363333333333,17,4,0,0.7229458333333332,0.44700187808966185,4.744247404648753,True,High Consumption
2010-05-01 11:00:00,2.6106,11,5,1,0.7369527777777775,0.6201486914513655,3.0212870688112403,True,High Consumption
2010-05-02 12:00:00,3.56306666666667,12,6,1,0.9906375,0.7069865600340828,3.6385828417200137,True,High Consumption
2010-05-10 21:00:00,2.9157,21,0,0,0.932040277777778,0.6456360369964691,3.0724117127202284,True,High Consumption
2010-05-13 18:00:00,2.97923333333333,18,3,0,0.9708249999999996,0.6164751489715559,3.257890178839956,True,High Consumption
2010-05-15 20:00:00,3.08416666666667,20,5,1,0.9157069444444444,0.6059922090966977,3.5783623777186317,True,High Consumption
2010-05-15 21:00:00,3.78956666666667,21,5,1,0.9759944444444445,0.7384045660450551,3.8103396858607055,True,High Consumption
2010-05-22 11:00:00,2.97773333333333,11,5,1,0.9732805555555556,0.6044557176347215,3.3161284099046022,True,High Consumption
2010-05-29 10:00:00,2.65686666666667,10,5,1,0.9524263888888886,0.46828969077989036,3.6397134323824294,True,High Consumption
2010-05-29 18:00:00,3.412,18,5,1,1.0863486111111111,0.6454266236901148,3.603277744559684,True,High Consumption
2010-06-03 08:00:00,2.2531,8,3,0,0.6772708333333329,0.44445097883857243,3.54556349675409,True,High Consumption
2010-06-23 21:00:00,3.9411,21,2,0,0.9527236111111107,0.6723397250225385,4.444741665069265,True,High Consumption
2010-06-27 22:00:00,2.06693333333333,22,6,1,0.7030291666666665,0.4094247443501908,3.331269507980894,True,High Consumption
2010-07-01 00:00:00,3.32903333333333,0,3,0,0.961205555555555,0.49009642358644434,4.831350860409069,True,High Consumption
2010-07-03 22:00:00,1.7139,22,5,1,0.6611097222222219,0.3276353461491648,3.213298840163805,True,High Consumption
2010-07-03 23:00:00,1.88693333333333,23,5,1,0.715531944444444,0.386851007592417,3.0280427500477516,True,High Consumption
2010-07-10 09:00:00,1.98833333333333,9,5,1,0.6737124999999997,0.31677023597132686,4.150076882388426,True,High Consumption
2010-07-10 14:00:00,2.083,14,5,1,0.745633333333333,0.44466421603738365,3.0075877896912497,True,High Consumption
2010-07-11 19:00:00,1.94873333333333,19,6,1,0.6431722222222219,0.33513416473642016,3.8956371760483437,True,High Consumption
2010-07-11 23:00:00,2.59476666666667,23,6,1,0.736034722222222,0.47016084147648524,3.9533959030005934,True,High Consumption
2010-07-14 21:00:00,2.28073333333333,21,2,0,0.8255513888888889,0.4668396252962742,3.1170917497008253,True,High Consumption
2010-07-14 22:00:00,3.10886666666667,22,2,0,0.8324847222222221,0.4875869735847826,4.668668499710496,True,High Consumption
2010-07-14 23:00:00,3.1291,23,2,0,0.8849597222222222,0.644360814845315,3.4827385931537522,True,High Consumption
2010-07-20 20:00:00,1.61816666666667,20,1,0,0.5487486111111111,0.2922546892346073,3.659198962234903,True,High Consumption
2010-07-21 22:00:00,1.6014,22,2,0,0.6229083333333333,0.3019009360588729,3.2411017979614796,True,High Consumption
2010-07-21 23:00:00,2.87813333333333,23,2,0,0.6590694444444444,0.3617674642034389,6.133950972553466,True,High Consumption
2010-07-22 00:00:00,2.67493333333333,0,3,0,0.7390041666666664,0.5782528946534607,3.3478936025505592,True,High Consumption
2010-07-24 21:00:00,1.7543,21,5,1,0.6101694444444445,0.3096698773513424,3.6946782339357416,True,High Consumption
2010-07-25 23:00:00,2.83136666666667,23,6,1,0.7142083333333331,0.40997221082328084,5.164150831300956,True,High Consumption
2010-07-29 19:00:00,1.09286666666667,19,3,0,0.38026388888888873,0.21416336509416828,3.3273794398236487,True,High Consumption
2010-07-30 07:00:00,1.1503,7,4,0,0.38258055555555565,0.24414084632068023,3.1445759937935214,True,High Consumption
2010-07-30 17:00:00,1.20496666666667,17,4,0,0.38503750000000014,0.23235142139731052,3.5288321531919005,True,High Consumption
2010-08-03 04:00:00,0.923566666666667,4,1,0,0.3839819444444444,0.17710822286576847,3.0466384535470015,True,High Consumption
2010-08-03 16:00:00,1.3614,16,1,0,0.408038888888889,0.1694293858200988,5.626893507855808,True,High Consumption
2010-08-04 04:00:00,1.15493333333333,4,2,0,0.4296166666666667,0.23774537753876623,3.0508129082273943,True,High Consumption
2010-08-06 03:00:00,1.2259,3,4,0,0.36876250000000005,0.19522350706649216,4.390544524477081,True,High Consumption
2010-08-08 02:00:00,1.18263333333333,2,6,1,0.36921111111111116,0.1904502558879403,4.271048198017814,True,High Consumption
2010-08-09 13:00:00,1.09646666666667,13,0,0,0.37061805555555555,0.19728558053702308,3.679177206642834,True,High Consumption
2010-08-10 01:00:00,1.249,1,1,0,0.3745222222222224,0.20329009392152558,4.301625135336625,True,High Consumption
2010-08-10 13:00:00,1.15486666666667,13,1,0,0.37938611111111126,0.24902446611976942,3.1140737600561224,True,High Consumption
2010-08-13 00:00:00,1.02486666666667,0,4,0,0.36784583333333337,0.18829883839859066,3.4892452811767,True,High Consumption
2010-08-13 12:00:00,1.1694,12,4,0,0.3670458333333335,0.19783547471152907,4.055663767262204,True,High Consumption
2010-08-14 00:00:00,1.1578,0,5,1,0.3710375000000001,0.23376817376195136,3.3655672084822315,True,High Consumption
2010-08-15 11:00:00,1.22656666666667,11,6,1,0.36204166666666676,0.19411789391789394,4.453607972718225,True,High Consumption
2010-08-15 16:00:00,1.8561,16,6,1,0.3979222222222225,0.2707264929360332,5.386165801373246,True,High Consumption
2010-08-15 17:00:00,1.9023,17,6,1,0.4653472222222224,0.39985341697227017,3.593698882601847,True,High Consumption
2010-08-15 18:00:00,2.1767,18,6,1,0.5326347222222224,0.4935148495364151,3.3313390252028605,True,High Consumption
2010-08-24 08:00:00,1.42223333333333,8,1,0,0.5146486111111112,0.2845704982959226,3.1893141687457303,True,High Consumption
2010-08-25 08:00:00,1.83913333333333,8,2,0,0.5102624999999997,0.30654149955275917,4.335043820403237,True,High Consumption
2010-08-27 09:00:00,1.6963,9,4,0,0.5247541666666667,0.28208131760243416,4.153220224901642,True,High Consumption
2010-08-27 12:00:00,2.14253333333333,12,4,0,0.6661236111111113,0.4499060518655201,3.281595604460834,True,High Consumption
2010-08-27 14:00:00,2.99656666666667,14,4,0,0.7931722222222223,0.5727419178061125,3.847098275754896,True,High Consumption
2010-08-29 21:00:00,3.2345,21,6,1,0.9282694444444446,0.7182112030356018,3.2110757195209545,True,High Consumption
2010-09-07 19:00:00,2.76093333333333,19,1,0,0.8068666666666667,0.49334955104559924,3.9608157391148677,True,High Consumption
2010-09-16 20:00:00,2.9843,20,3,0,0.8523958333333335,0.5488798862217298,3.8840996367016554,True,High Consumption
2010-09-19 20:00:00,2.34356666666667,20,6,1,0.6529513888888888,0.5127968237162116,3.2968520856388714,True,High Consumption
2010-10-01 12:00:00,2.44936666666667,12,4,0,0.7696208333333335,0.5462581318832134,3.075003803682424,True,High Consumption
2010-10-02 20:00:00,3.9403,20,5,1,1.0649388888888895,0.6543609698082233,4.394151307578455,True,High Consumption
2010-10-07 12:00:00,2.74033333333333,12,3,0,0.887161111111111,0.5731014681694876,3.233584845178178,True,High Consumption
2010-10-10 19:00:00,3.4918,19,6,1,1.123204166666667,0.6083922678073437,3.893205023577623,True,High Consumption
2010-10-10 21:00:00,3.90126666666667,21,6,1,1.2551361111111115,0.8713593110637188,3.0367846214040837,True,High Consumption
2010-10-14 19:00:00,4.11776666666667,19,3,0,1.3097638888888892,0.8732365173637842,3.2156268341306515,True,High Consumption
2010-10-17 16:00:00,1.19143333333333,16,6,1,0.4149374999999998,0.17384153406878153,4.466687650294806,True,High Consumption
2010-10-17 19:00:00,2.0301,19,6,1,0.4641749999999997,0.23338857301609212,6.709518721347295,True,High Consumption
2010-10-17 20:00:00,2.45403333333333,20,6,1,0.533220833333333,0.3946494081386627,4.867136401038531,True,High Consumption
2010-10-18 09:00:00,3.65706666666667,9,0,0,0.8973902777777775,0.7852548919683939,3.5143701963718144,True,High Consumption
2010-10-26 11:00:00,3.0101,11,1,0,0.6606333333333335,0.3506811231659348,6.699723798805529,True,High Consumption
2010-10-28 15:00:00,2.2539,15,3,0,0.7359430555555555,0.46081799518244687,3.2940487574567383,True,High Consumption
2010-10-30 11:00:00,3.13323333333333,11,5,1,0.8764458333333338,0.44082221506621433,5.119495848595135,True,High Consumption
2010-11-02 23:00:00,2.28646666666667,23,1,0,0.7932722222222218,0.4689202078397166,3.1843252209656163,True,High Consumption
2010-11-03 21:00:00,3.14316666666667,21,2,0,0.9257402777777782,0.6017706339960492,3.6848364868921966,True,High Consumption
2010-11-04 08:00:00,4.4189,8,3,0,0.9354944444444447,0.7529586361130693,4.626290726324126,True,High Consumption
2010-11-14 15:00:00,4.15656666666667,15,6,1,1.3881888888888894,0.775379106569795,3.570353849260688,True,High Consumption
2010-11-20 18:00:00,5.62683333333333,18,5,1,1.1846319444444444,0.712546217331704,6.234264221517797,True,High Consumption
2010-11-22 08:00:00,2.59023333333333,8,0,0,0.6200694444444445,0.5181785188361702,3.8020948713078204,True,High Consumption
2010-11-22 10:00:00,3.10536666666667,10,0,0,0.6743402777777777,0.6440896442678244,3.77436030919638,True,High Consumption
